Category,Overall Weighted Avg (%),Reddit (%),News (%),X (%),Meeting_Minutes (%)
Ask A Genuine Question,11.2,12.8,2.8,5.4,9.8
Ask A Rhetorical Question,8.9,10.7,4.5,10.4,2.9
Provide A Fact Or Claim,73.1,69.4,93.7,57.2,87.9
Provide An Observation,33.6,36.9,37.2,35.5,19.3
Express Their Opinion,80.8,84.7,40.4,72.1,81.0
Express Others Opinions,17.2,15.6,29.7,11.0,22.4
Money Aid Allocation,22.9,22.8,25.1,14.5,26.1
Government Critique,28.6,28.6,31.9,28.6,27.7
Societal Critique,60.5,73.7,34.1,41.9,26.2
Solutions/Interventions,34.3,26.3,58.6,18.5,64.2
Personal Interaction,13.2,15.1,5.4,17.6,6.8
Media Portrayal,6.6,6.6,11.8,9.1,3.8
Not In My Backyard,8.2,9.4,5.0,6.2,5.4
Harmful Generalization,23.5,28.5,8.4,34.8,4.4
Deserving/Undeserving,26.6,33.2,7.0,16.0,11.7
Racist,0.1,0.2,0.1,0.0,0.0
